{
  "location": [
    {
      "id": 1,
      "status": "true",
      "latitudeStart": 13.851130590990257,
      "longtitudeStart": 100.56620801275722,
      "latitudeDestination": 13.851130590990257,
      "longtitudeDestination": 100.56743435031639
    }
  ]
}