{
  "location": [
    {
      "id": 1,
      "status": "true",
      "latitudeStart": 13.84898470946302,
      "longtitudeStart": 100.56492055243007,
      "latitudeDestination": 13.844862904263875,
      "longtitudeDestination": 100.56601125507986
    }
  ]
}